Event,Event Description,Location,Required Skills,Urgency,Event Date
Coding Caleb,We're gonna code Caleb!,Houston,Python,Low,Thu Nov 21 2024 00:00:00 GMT-0600 (Central Standard Time)
Coding Zahid,We're gonna code all over zahid,San Jose,Python,High,Sat Nov 30 2024 00:00:00 GMT-0600 (Central Standard Time)
Coding Caleb,We're gonna code Caleb!,Houston,Python,Low,Thu Nov 21 2024 00:00:00 GMT-0600 (Central Standard Time)
Coding Zahid,We're gonna code all over zahid,San Jose,Python,High,Sat Nov 30 2024 00:00:00 GMT-0600 (Central Standard Time)
Coding Caleb,We're gonna code Caleb!,Houston,Python,Low,Thu Nov 21 2024 00:00:00 GMT-0600 (Central Standard Time)
Coding Zahid,We're gonna code all over zahid,San Jose,Python,High,Sat Nov 30 2024 00:00:00 GMT-0600 (Central Standard Time)
