volunteer,Events attended
CalebLopez,"Coding Caleb,Coding Caleb,Coding Caleb"
MarcoPolo,Coding Caleb
JohnJohnson,
JoneJoneson,
iokawbnfolawolfbnoiawbf,
sfgbesegdsegse,
huhhuhhh,
BoneBones,
Bubsybub,
CalebLopez,"Coding Caleb,Coding Caleb,Coding Caleb"
MarcoPolo,Coding Caleb
JohnJohnson,
JoneJoneson,
iokawbnfolawolfbnoiawbf,
sfgbesegdsegse,
huhhuhhh,
BoneBones,
Bubsybub,
CalebLopez,"Coding Caleb,Coding Caleb,Coding Caleb"
MarcoPolo,Coding Caleb
JohnJohnson,
JoneJoneson,
iokawbnfolawolfbnoiawbf,
sfgbesegdsegse,
huhhuhhh,
BoneBones,
Bubsybub,
